{"Product ID":1,"Product Name":"employee","Category":"music","Supplier ID":10,"Stock Level":38}
{"Product ID":2,"Product Name":"section","Category":"bad","Supplier ID":7,"Stock Level":12}
{"Product ID":3,"Product Name":"office","Category":"stand","Supplier ID":4,"Stock Level":39}
{"Product ID":4,"Product Name":"may","Category":"happy","Supplier ID":6,"Stock Level":58}
{"Product ID":5,"Product Name":"former","Category":"win","Supplier ID":8,"Stock Level":30}
{"Product ID":6,"Product Name":"my","Category":"never","Supplier ID":3,"Stock Level":53}
{"Product ID":7,"Product Name":"whole","Category":"dream","Supplier ID":7,"Stock Level":17}
{"Product ID":8,"Product Name":"response","Category":"pattern","Supplier ID":7,"Stock Level":14}
{"Product ID":9,"Product Name":"collection","Category":"significant","Supplier ID":2,"Stock Level":25}
{"Product ID":10,"Product Name":"person","Category":"market","Supplier ID":10,"Stock Level":90}
{"Product ID":11,"Product Name":"budget","Category":"those","Supplier ID":5,"Stock Level":27}
{"Product ID":12,"Product Name":"hear","Category":"rich","Supplier ID":7,"Stock Level":65}
{"Product ID":13,"Product Name":"one","Category":"our","Supplier ID":3,"Stock Level":62}
{"Product ID":14,"Product Name":"week","Category":"race","Supplier ID":10,"Stock Level":83}
{"Product ID":15,"Product Name":"community","Category":"will","Supplier ID":5,"Stock Level":51}
{"Product ID":16,"Product Name":"take","Category":"important","Supplier ID":8,"Stock Level":44}
{"Product ID":17,"Product Name":"list","Category":"something","Supplier ID":4,"Stock Level":13}
{"Product ID":18,"Product Name":"each","Category":"customer","Supplier ID":9,"Stock Level":59}
{"Product ID":19,"Product Name":"east","Category":"article","Supplier ID":10,"Stock Level":10}
{"Product ID":20,"Product Name":"research","Category":"best","Supplier ID":8,"Stock Level":58}
{"Product ID":21,"Product Name":"modern","Category":"so","Supplier ID":9,"Stock Level":47}
{"Product ID":22,"Product Name":"new","Category":"should","Supplier ID":6,"Stock Level":74}
{"Product ID":23,"Product Name":"school","Category":"example","Supplier ID":1,"Stock Level":36}
{"Product ID":24,"Product Name":"scientist","Category":"north","Supplier ID":8,"Stock Level":22}
{"Product ID":25,"Product Name":"police","Category":"there","Supplier ID":2,"Stock Level":26}
{"Product ID":26,"Product Name":"its","Category":"total","Supplier ID":1,"Stock Level":75}
{"Product ID":27,"Product Name":"sell","Category":"talk","Supplier ID":9,"Stock Level":50}
{"Product ID":28,"Product Name":"police","Category":"she","Supplier ID":6,"Stock Level":82}
{"Product ID":29,"Product Name":"writer","Category":"should","Supplier ID":10,"Stock Level":26}
{"Product ID":30,"Product Name":"black","Category":"garden","Supplier ID":3,"Stock Level":62}
